"Male"	"GTR"	"M2P"	"DN_MBEN"	"CLA"	"LCA"	"P53.IHC"	"MYCamp"	"MYCNamp"	"iso17q"	"Gain.9p"	"Loss.9q"
"Male"	NA	1	1	1	1	1	1	0.97662115	1	NA	0.97662115	0.97662115
"GTR"	1	NA	0.97662115	1	1	1	1	1	0.94773616	NA	0.97662115	1
"M2P"	1	0.97662115	NA	0.94773616	0.97662115	1	0.97662115	0.97662115	0.97662115	NA	1	1
"DN_MBEN"	1	1	0.94773616	NA	NA	NA	0.97662115	1	0.32344498	NA	0.97662115	1
"CLA"	1	1	0.97662115	NA	NA	NA	1	1	0.81034242	NA	1	0.97662115
"LCA"	1	1	1	NA	NA	NA	0.97662115	1	0.97662115	NA	0.81034242	0.81034242
"P53.IHC"	1	1	0.97662115	0.97662115	1	0.97662115	NA	1	0.97662115	NA	0.97662115	1
"MYCamp"	0.97662115	1	0.97662115	1	1	1	1	NA	1	NA	1	1
"MYCNamp"	1	0.94773616	0.97662115	0.32344498	0.81034242	0.97662115	0.97662115	1	NA	NA	0.79124755	0.97662115
"iso17q"	NA	NA	NA	NA	NA	NA	NA	NA	NA	NA	NA	NA
"Gain.9p"	0.97662115	0.97662115	1	0.97662115	1	0.81034242	0.97662115	1	0.79124755	NA	NA	0.03162349
"Loss.9q"	0.97662115	1	1	1	0.97662115	0.81034242	1	1	0.97662115	NA	0.03162349	NA
